<?xml version="1.0" encoding="UTF-8"?>
<Document xmlns="http://www.vdi.de/schemas/vdi2770">
    <DocumentId DomainId="INFAI" IsPrimary="true">Hauptdokument1</DocumentId>
    <DocumentIdDomain DocumentDomainId="INFAI">
        <Party Role="Responsible">
            <Organization OrganizationName="InfAI e.V." OrganizationOfficialName="Institut für Angewandte Informatik (InfAI) e. V."/>
        </Party>
    </DocumentIdDomain>
    <DocumentClassification ClassificationSystem="VDI2770:2018">
        <ClassId>01-01</ClassId>
        <ClassName Language="de">Identifikation</ClassName>
        <ClassName Language="en">Identification</ClassName>
    </DocumentClassification>
    <DocumentClassification ClassificationSystem="IEC61355">
        <ClassId>DD</ClassId>
    </DocumentClassification>
    <ReferencedObject>
        <ObjectId ObjectType="Individual" RefType="serial number" IsGloballyBiUnique="true">Serial1234</ObjectId>
        <ObjectId ObjectType="Type" RefType="product type" IsGloballyBiUnique="false">TypA</ObjectId>
        <ObjectId ObjectType="Individual" RefType="instance of object uri" IsGloballyBiUnique="true">http://example.com/dinspecid</ObjectId>
        <Party Role="Manufacturer">
            <Organization OrganizationName="Hersteller" OrganizationOfficialName="Hersteller AG"/>
        </Party>
        <Description Language="de">Hier kann man eine kurze Beschreibung zum Objekt hinterlegen.</Description>
        <Description Language="en">This is a description in english.</Description>
    </ReferencedObject>
    <DocumentVersion NumberOfPages="10">
        <DocumentVersionId>1.0</DocumentVersionId>
        <Language>de</Language>
        <Language>en</Language>
        <Party Role="Author">
            <Organization OrganizationName="InfAI e.V." OrganizationOfficialName="Institut für Angewandte Informatik (InfAI) e. V."/>
        </Party>
        <DocumentDescription Language="de">
            <Title>Hauptdokument</Title>
            <Summary>Hauptdokument</Summary>
            <KeyWords>
                <KeyWord>Hauptdokument</KeyWord>
                <KeyWord> demo</KeyWord>
            </KeyWords>
        </DocumentDescription>
        <DocumentDescription Language="en">
            <Title>Main Document</Title>
            <Summary>This is a main document</Summary>
            <KeyWords>
                <KeyWord>Demo</KeyWord>
                <KeyWord> Englisch</KeyWord>
                <KeyWord> Main Document</KeyWord>
            </KeyWords>
        </DocumentDescription>
        <LifeCycleStatus SetDate="2019-04-04" StatusValue="Released">
            <Party Role="Responsible">
                <Organization OrganizationName="InfAI e.V." OrganizationOfficialName="Institut für Angewandte Informatik (InfAI) e. V."/>
            </Party>
        </LifeCycleStatus>
        <DocumentRelationship Type="RefersTo">
            <DocumentId DomainId="INFAI">DATA44</DocumentId>
        </DocumentRelationship>
        <DocumentRelationship Type="RefersTo">
            <DocumentId DomainId="INFAI">U1-Hauptdokument</DocumentId>
        </DocumentRelationship>
        <DocumentRelationship Type="RefersTo">
            <DocumentId DomainId="INFAI">U2-Hauptdokument</DocumentId>
        </DocumentRelationship>
        <DigitalFile FileFormat="application/pdf">VDI2770_Main.pdf</DigitalFile>
    </DocumentVersion>
</Document>
