File;Timestamp;Errors;Warnings
cc818546f48c9158c7780b5585dc82b6956e10e34e180adcec152dd96b09a1da;2021-05-23T19:08:18;;
cc818546f48c9158c7780b5585dc82b6956e10e34e180adcec152dd96b09a1da;2021-05-23T19:08:43;;
cc818546f48c9158c7780b5585dc82b6956e10e34e180adcec152dd96b09a1da;2021-05-23T19:09:22;;
cc818546f48c9158c7780b5585dc82b6956e10e34e180adcec152dd96b09a1da;2021-05-23T19:11:03;;
3828d480ff78d06f90c8eedee6a524e7ddc6593a550f6d6b22f5f9c5b7950991;2021-07-25T11:45:48;DC_004, MD_005, D_004, REP_017, REP_029, DD_004;
21d9f22ed6f206baadf1f31a42434bd080194a1f222fbcc29d7500b87a334889;2021-07-25T11:46:29;REP_039, REP_023;REP_027, REP_028
8b94a86980b5b671ced41e64417e49570eeb2bc333b979ece815d73f9e762f41;2021-07-25T12:51:39;REP_039, REP_023;REP_027, REP_028
a6d369a708ac717e317665746ffcdf5dd75619dab63a5b8e8300fcb2a63ab44c;2021-07-25T12:52:12;REP_039, REP_023;REP_027, REP_028
a6d369a708ac717e317665746ffcdf5dd75619dab63a5b8e8300fcb2a63ab44c;2021-07-25T12:52:35;REP_039, REP_023;REP_027, REP_028
a6d369a708ac717e317665746ffcdf5dd75619dab63a5b8e8300fcb2a63ab44c;2021-07-25T12:52:54;REP_039, REP_023;REP_027, REP_028
a6d369a708ac717e317665746ffcdf5dd75619dab63a5b8e8300fcb2a63ab44c;2021-07-25T12:57:39;REP_039, REP_023;REP_027, REP_028
a6d369a708ac717e317665746ffcdf5dd75619dab63a5b8e8300fcb2a63ab44c;2021-07-25T12:57:47;REP_039, REP_023;REP_027, REP_028
a6d369a708ac717e317665746ffcdf5dd75619dab63a5b8e8300fcb2a63ab44c;2021-07-25T12:58:51;REP_039, REP_023;REP_027, REP_028
