<?xml version="1.0" encoding="UTF-8"?>
<Document xmlns:xsi="http://www.w3.org/2001/XMLSchema-instance"
    xsi:schemaLocation="http://www.vdi.de/schemas/vdi2770 vdi2770.xsd"
    xmlns="http://www.vdi.de/schemas/vdi2770">
    <DocumentId DomainId="BSP-OEM">XCP328490</DocumentId>
    <DocumentIdDomain DocumentDomainId="BSP-OEM">
        <Party Role="Responsible">
            <Organization OrganizationName="Beispiel GmbH"
                OrganizationOfficialName="Beispiel GmbH &amp; Co. KGaA" OrganizationId="BSP"/>
        </Party>
    </DocumentIdDomain>
    <DocumentClassification ClassificationSystem="VDI2770:2018">
        <ClassId>01-01</ClassId>
    </DocumentClassification>
    <ReferencedObject>
        <ObjectId RefType="product type" ObjectType="Type">BR-01</ObjectId>
        <Party Role="Manufacturer">
            <Organization OrganizationName="Beispiel GmbH"
                OrganizationOfficialName="Beispiel GmbH &amp; Co. KGaA"/>
        </Party>
        <Description Language="de">Baureihe</Description>
    </ReferencedObject>
    <ReferencedObject>
        <ObjectId RefType="product type" ObjectType="Type">BR-01-26</ObjectId>
        <Party Role="Manufacturer">
            <Organization OrganizationName="Beispiel GmbH"
                OrganizationOfficialName="Beispiel GmbH &amp; Co. KGaA"/>
        </Party>
        <Description Language="de">Modell</Description>
    </ReferencedObject>
    <ReferencedObject>
        <ObjectId RefType="serial number" ObjectType="Individual">XUJ-345-111</ObjectId>
        <Party Role="Manufacturer">
            <Organization OrganizationName="Beispiel GmbH"
                OrganizationOfficialName="Beispiel GmbH &amp; Co. KGaA"/>
        </Party>
        <Description Language="de">Seriennummer</Description>
    </ReferencedObject>
    <DocumentVersion>
        <DocumentVersionId>1.0</DocumentVersionId>
        <Language>de</Language>
        <Party Role="Author">
            <Organization OrganizationName="Beispiel GmbH"
                OrganizationOfficialName="Beispiel GmbH &amp; Co. KGaA" OrganizationId="BSP"/>
        </Party>
        <DocumentDescription Language="de">
            <Title>Hauptdokument</Title>
            <Summary>Das Hauptdoument ist eine Auflistung aller Dokumente einer Ebene.
                Gibt es zu dieser Ebene auch eine untergeordnete Ebene, so enthält die Auflistung auch die Hauptdokumente
                der zugehörigen ersten untergeordneten Ebene.
            </Summary>
            <KeyWords>
                <KeyWord>Hauptdokument</KeyWord>
                <KeyWord>Dokumentenliste</KeyWord>
            </KeyWords>
        </DocumentDescription>
        <LifeCycleStatus StatusValue="Released" SetDate="2018-04-04">
            <Party Role="Responsible">
                <Organization OrganizationName="Beispiel GmbH"
                    OrganizationOfficialName="Beispiel GmbH &amp; Co. KGaA" OrganizationId="BSP"/>
            </Party>
        </LifeCycleStatus>
        <DocumentRelationship Type="RefersTo">
            <DocumentId DomainId="BSP-OEM">ts-ddd-234</DocumentId>
        </DocumentRelationship>        
        <DigitalFile FileFormat="application/pdf">VDI2770_Main.pdf</DigitalFile>
    </DocumentVersion>
</Document>
